[{"id":"user-image-AdobeStock_629995553_Preview.jpeg","publicUrl":"np://user.desktop.nicepage.com/Site_99219660/images/AdobeStock_629995553_Preview.jpeg","size":104982,"hash":"ueyVOfODgs1qtVhzxnjiv9WDKhU=","fileName":"AdobeStock_629995553_Preview.jpeg","name":"AdobeStock_629995553_Preview","width":1000,"height":560,"thumbnail":{"url":"np://user.desktop.nicepage.com/Site_99219660/images/thumbnails/AdobeStock_629995553_Preview.jpeg","width":250,"height":140},"folderId":null,"usages":["120250768"]},{"id":"user-image-AdobeStock_563411005_Preview.jpeg","publicUrl":"np://user.desktop.nicepage.com/Site_99219660/images/AdobeStock_563411005_Preview.jpeg","size":287583,"hash":"OWZMCHFKcC1eEcNdgD3xTZ9kcvk=","fileName":"AdobeStock_563411005_Preview.jpeg","name":"AdobeStock_563411005_Preview","width":1000,"height":667,"thumbnail":{"url":"np://user.desktop.nicepage.com/Site_99219660/images/thumbnails/AdobeStock_563411005_Preview.jpeg","width":250,"height":167},"folderId":null,"usages":["120250768"]},{"id":"user-image-901141.png","publicUrl":"np://user.desktop.nicepage.com/Site_99219660/images/901141.png","size":4044,"hash":"bNBhXWhhevLhYXOVsT3/6cG8bbI=","fileName":"901141.png","name":"901141","width":128,"height":128,"thumbnail":{"url":"np://user.desktop.nicepage.com/Site_99219660/images/thumbnails/901141.png","width":128,"height":128,"length":4044,"type":"png"},"folderId":null,"usages":["44711743"]},{"id":"user-image-597177.png","publicUrl":"np://user.desktop.nicepage.com/Site_99219660/images/597177.png","size":2660,"hash":"0ZspmpJed2V+ls9SdzG0IOu3OBE=","fileName":"597177.png","name":"597177","width":128,"height":128,"thumbnail":{"url":"np://user.desktop.nicepage.com/Site_99219660/images/thumbnails/597177.png","width":128,"height":128,"length":2660,"type":"png"},"folderId":null,"usages":["44711743"]},{"id":"user-image-482138.png","publicUrl":"np://user.desktop.nicepage.com/Site_99219660/images/482138.png","size":3813,"hash":"W2igwWoLg6HTX1lh/e5OFct7Mi4=","fileName":"482138.png","name":"482138","width":128,"height":128,"thumbnail":{"url":"np://user.desktop.nicepage.com/Site_99219660/images/thumbnails/482138.png","width":128,"height":128,"length":3813,"type":"png"},"folderId":null,"usages":["44711743"]},{"id":"user-image-120250768-0.jpeg","publicUrl":"np://user.desktop.nicepage.com/Site_99219660/images/120250768-0.jpeg","size":1307986,"hash":"OU+k3etR8LYOhSHSEGJ2nYvj/Ks=","fileName":"120250768-0.jpeg","name":"120250768-0","width":1529,"height":1000,"thumbnail":{"url":"np://user.desktop.nicepage.com/Site_99219660/images/thumbnails/120250768-0.jpeg","width":250,"height":164},"folderId":null,"usages":["120250768"]},{"id":"user-image-1528669.png","publicUrl":"np://user.desktop.nicepage.com/Site_99219660/images/1528669.png","size":4750,"hash":"6JUv+/LhTe+jLriSB0aGUhpom60=","fileName":"1528669.png","name":"1528669","width":128,"height":128,"thumbnail":{"url":"np://user.desktop.nicepage.com/Site_99219660/images/thumbnails/1528669.png","width":128,"height":128,"length":4750,"type":"png"},"folderId":null,"usages":["65655127"]},{"id":"user-image-9640649.png","publicUrl":"np://user.desktop.nicepage.com/Site_99219660/images/9640649.png","size":4780,"hash":"5TbSq9OW54RfCm7cDmti2epNJvc=","fileName":"9640649.png","name":"9640649","width":128,"height":128,"thumbnail":{"url":"np://user.desktop.nicepage.com/Site_99219660/images/thumbnails/9640649.png","width":128,"height":128,"length":4780,"type":"png"},"folderId":null,"usages":["65655127"]},{"id":"user-image-2838126.png","publicUrl":"np://user.desktop.nicepage.com/Site_99219660/images/2838126.png","size":3732,"hash":"Uw37RKjR6v2zLmWj4VZdzAcp480=","fileName":"2838126.png","name":"2838126","width":128,"height":128,"thumbnail":{"url":"np://user.desktop.nicepage.com/Site_99219660/images/thumbnails/2838126.png","width":128,"height":128,"length":3732,"type":"png"},"folderId":null,"usages":["65655127"]},{"id":"user-image-f89c90b8e3b70f189dd24e1970756f9f1570194fe7a4f1e7393d4366b7793a06f9a979ab110b9c5552eee43b95ceb77f05815138e8b91dc545f4aa_1280.jpg","publicUrl":"np://user.desktop.nicepage.com/Site_99219660/images/f89c90b8e3b70f189dd24e1970756f9f1570194fe7a4f1e7393d4366b7793a06f9a979ab110b9c5552eee43b95ceb77f05815138e8b91dc545f4aa_1280.jpg","size":298295,"hash":"5uWbrT9QJ9xbvrNwN1FLYwr2I5s=","fileName":"f89c90b8e3b70f189dd24e1970756f9f1570194fe7a4f1e7393d4366b7793a06f9a979ab110b9c5552eee43b95ceb77f05815138e8b91dc545f4aa_1280.jpg","name":"f89c90b8e3b70f189dd24e1970756f9f1570194fe7a4f1e7393d4366b7793a06f9a979ab110b9c5552eee43b95ceb77f05815138e8b91dc545f4aa_1280","width":1280,"height":842,"thumbnail":{"url":"np://user.desktop.nicepage.com/Site_99219660/images/thumbnails/f89c90b8e3b70f189dd24e1970756f9f1570194fe7a4f1e7393d4366b7793a06f9a979ab110b9c5552eee43b95ceb77f05815138e8b91dc545f4aa_1280.jpg","width":250,"height":164},"folderId":null,"usages":["68936474"]},{"id":"user-image-logodark.png","publicUrl":"np://user.desktop.nicepage.com/Site_99219660/images/logodark.png","size":6305,"hash":"xxLTRaKBVllsRELhpc6rAA9w9Es=","fileName":"logodark.png","name":"logodark","width":526,"height":289,"thumbnail":{"url":"np://user.desktop.nicepage.com/Site_99219660/images/thumbnails/logodark.png","width":250,"height":137},"folderId":null,"usages":[]}]