[{"id":76428074,"title":"Blog Template","order":1,"templateKey":"blog","customTemplate":false,"customTemplateFilename":null,"pageLinks":[],"dateCreated":"2023-11-27T17:10:18.470Z","dateUpdated":"2023-11-27T17:10:21.267Z","folderId":null,"pageName":"Blog Template","serverPageId":null,"sectionCount":1,"status":2,"backwardUrl":null},{"id":9594602,"title":"Post Template","order":2,"templateKey":"post","customTemplate":false,"customTemplateFilename":null,"pageLinks":[],"dateCreated":"2023-11-27T17:10:18.777Z","dateUpdated":"2023-11-27T17:10:21.267Z","folderId":null,"pageName":"Post Template","serverPageId":null,"sectionCount":1,"status":2,"backwardUrl":null},{"id":23652284,"title":"Product List Template","order":3,"templateKey":"products","customTemplate":false,"customTemplateFilename":null,"pageLinks":[],"dateCreated":"2023-11-27T17:10:19.043Z","dateUpdated":"2023-11-27T17:10:21.267Z","folderId":null,"pageName":"Product List Template","serverPageId":null,"sectionCount":1,"status":2,"backwardUrl":null},{"id":1634424276,"title":"Product Details Template","order":4,"templateKey":"product","customTemplate":false,"customTemplateFilename":null,"pageLinks":[],"dateCreated":"2023-11-27T17:10:19.322Z","dateUpdated":"2023-11-27T17:10:21.269Z","folderId":null,"pageName":"Product Details Template","serverPageId":null,"sectionCount":1,"status":2,"backwardUrl":null},{"id":22226052,"title":"Shopping Cart Template","order":5,"templateKey":"cart","customTemplate":false,"customTemplateFilename":null,"pageLinks":[],"dateCreated":"2023-11-27T17:10:19.563Z","dateUpdated":"2023-11-27T17:10:21.269Z","folderId":null,"pageName":"Shopping Cart Template","serverPageId":null,"sectionCount":1,"status":2,"backwardUrl":null},{"id":92722903,"title":"Checkout Template","order":6,"templateKey":"checkout","customTemplate":false,"customTemplateFilename":null,"pageLinks":[],"dateCreated":"2023-11-27T17:10:19.966Z","dateUpdated":"2023-11-27T17:10:21.271Z","folderId":null,"pageName":"Checkout Template","serverPageId":null,"sectionCount":1,"status":2,"backwardUrl":null},{"id":478118887,"title":"Login Template","order":7,"templateKey":"login","customTemplate":false,"customTemplateFilename":null,"pageLinks":[],"dateCreated":"2023-11-27T17:10:20.129Z","dateUpdated":"2023-11-27T17:10:21.271Z","folderId":null,"pageName":"Login Template","serverPageId":null,"sectionCount":1,"status":2,"backwardUrl":null},{"id":308059346,"title":"Page Password Template","order":8,"templateKey":"password","customTemplate":false,"customTemplateFilename":null,"pageLinks":[],"dateCreated":"2023-11-27T17:10:20.260Z","dateUpdated":"2023-11-27T17:10:21.271Z","folderId":null,"pageName":"Page Password Template","serverPageId":null,"sectionCount":1,"status":2,"backwardUrl":null},{"id":2562323312,"title":"404 Not Found Template","order":9,"templateKey":"404","customTemplate":false,"customTemplateFilename":null,"pageLinks":[],"dateCreated":"2023-11-27T17:10:20.374Z","dateUpdated":"2023-11-27T17:10:21.271Z","folderId":null,"pageName":"404 Not Found Template","serverPageId":null,"sectionCount":1,"status":2,"backwardUrl":null},{"id":532713060,"title":"Thank You Page Template","order":10,"templateKey":"ThankYou","customTemplate":false,"customTemplateFilename":null,"pageLinks":[],"dateCreated":"2023-11-27T17:10:20.483Z","dateUpdated":"2023-11-27T17:10:21.274Z","folderId":null,"pageName":"Thank You Page Template","serverPageId":null,"sectionCount":1,"status":2,"backwardUrl":null},{"id":68936474,"title":"ASV","order":50,"templateKey":null,"customTemplate":false,"customTemplateFilename":null,"pageLinks":[],"dateCreated":"2023-11-27T17:10:22.413Z","dateUpdated":"2023-11-27T19:23:21.706Z","folderId":null,"pageName":"ASV_68936474","serverPageId":null,"sectionCount":2,"status":2,"backwardUrl":null},{"id":65655127,"title":"Nosotros","order":100,"templateKey":null,"customTemplate":false,"customTemplateFilename":null,"pageLinks":[],"dateCreated":"2023-11-27T17:10:20.573Z","dateUpdated":"2023-11-27T19:07:10.613Z","folderId":null,"pageName":"Nosotros_65655127","serverPageId":null,"sectionCount":2,"status":2,"backwardUrl":null},{"id":44711743,"title":"Contacto","order":101,"templateKey":null,"customTemplate":false,"customTemplateFilename":null,"pageLinks":[],"dateCreated":"2023-11-27T17:10:20.696Z","dateUpdated":"2023-11-27T19:20:42.315Z","folderId":null,"pageName":"Contacto_44711743","serverPageId":null,"sectionCount":2,"status":2,"backwardUrl":null},{"id":120250768,"title":"Productos","order":102,"templateKey":null,"customTemplate":false,"customTemplateFilename":null,"pageLinks":[],"dateCreated":"2023-11-27T17:11:06.545Z","dateUpdated":"2023-11-27T19:33:12.325Z","folderId":null,"pageName":"Productos_120250768","serverPageId":null,"sectionCount":4,"status":2,"backwardUrl":null}]